scenario,attack_enabled,malicious_client_id,attack_scale,labels_per_client,round,optimizer,learning_rate,fl_test_loss,fl_test_accuracy,sfl_test_loss,sfl_test_accuracy,fl_minus_sfl_accuracy,global_l2_distance_fl_vs_sfl,fl_time_sec,sfl_time_sec,evaluation_time_sec,total_round_time_sec,weights_dir
baseline_no_attack,False,,0.0,1,1,SGD,0.005,2.3119002655029295,0.0892,2.3119002655029295,0.0892,0.0,0.0,3.1672861771658063,3.407448109006509,0.6566207648720592,7.238709802972153,results/weights/fl_vs_sfl_noniid_poisoning_attack/labels_1_per_client/baseline_no_attack
baseline_no_attack,False,,0.0,1,2,SGD,0.005,2.3107321426391603,0.0892,2.3107321426391603,0.0892,0.0,0.0,3.1997035888489336,3.3425020470749587,0.6653523270506412,7.213963693007827,results/weights/fl_vs_sfl_noniid_poisoning_attack/labels_1_per_client/baseline_no_attack
baseline_no_attack,False,,0.0,1,3,SGD,0.005,2.3095903438568115,0.0892,2.3095903438568115,0.0892,0.0,0.0,3.1089526100549847,3.3002177430316806,0.6772594770882279,7.089025736087933,results/weights/fl_vs_sfl_noniid_poisoning_attack/labels_1_per_client/baseline_no_attack
baseline_no_attack,False,,0.0,1,4,SGD,0.005,2.308583066558838,0.0892,2.308583066558838,0.0892,0.0,0.0,3.146391093963757,3.4079728149808943,0.6507589919492602,7.212121580960229,results/weights/fl_vs_sfl_noniid_poisoning_attack/labels_1_per_client/baseline_no_attack
baseline_no_attack,False,,0.0,1,5,SGD,0.005,2.307652515411377,0.0892,2.307652515411377,0.0892,0.0,0.0,3.116002802969888,3.3781661740504205,0.6531618980225176,7.150303869042546,results/weights/fl_vs_sfl_noniid_poisoning_attack/labels_1_per_client/baseline_no_attack
baseline_no_attack,False,,0.0,1,6,SGD,0.005,2.3069012615203857,0.0884,2.3069012615203857,0.0884,0.0,0.0,3.1251335460692644,3.3568677469156682,0.6617104320321232,7.146531017031521,results/weights/fl_vs_sfl_noniid_poisoning_attack/labels_1_per_client/baseline_no_attack
baseline_no_attack,False,,0.0,1,7,SGD,0.005,2.3067524913787842,0.0874,2.3067524913787842,0.0874,0.0,0.0,3.125149881001562,3.291498214006424,0.6597857158631086,7.079023303929716,results/weights/fl_vs_sfl_noniid_poisoning_attack/labels_1_per_client/baseline_no_attack
baseline_no_attack,False,,0.0,1,8,SGD,0.005,2.309721272659302,0.1093,2.309721272659302,0.1093,0.0,0.0,3.100853850133717,3.298346356023103,0.6865669579710811,7.088783105835319,results/weights/fl_vs_sfl_noniid_poisoning_attack/labels_1_per_client/baseline_no_attack
baseline_no_attack,False,,0.0,1,9,SGD,0.005,2.3331947597503664,0.1028,2.3331947597503664,0.1028,0.0,0.0,3.200900932075456,3.304050388978794,0.655883994884789,7.163466837955639,results/weights/fl_vs_sfl_noniid_poisoning_attack/labels_1_per_client/baseline_no_attack
baseline_no_attack,False,,0.0,1,10,SGD,0.005,2.364792588043213,0.1028,2.364792588043213,0.1028,0.0,0.0,3.062701197108254,3.226364618865773,0.6584020408336073,6.953698406927288,results/weights/fl_vs_sfl_noniid_poisoning_attack/labels_1_per_client/baseline_no_attack
baseline_no_attack,False,,0.0,1,11,SGD,0.005,2.371117403411865,0.1135,2.371117403411865,0.1135,0.0,0.0,3.0225243230815977,3.1625452970620245,0.6601791030261666,6.848180592060089,results/weights/fl_vs_sfl_noniid_poisoning_attack/labels_1_per_client/baseline_no_attack
baseline_no_attack,False,,0.0,1,12,SGD,0.005,2.3604266551971436,0.1135,2.3604266551971436,0.1135,0.0,0.0,3.131378284888342,3.297663633013144,0.6704659680835903,7.106099775992334,results/weights/fl_vs_sfl_noniid_poisoning_attack/labels_1_per_client/baseline_no_attack
baseline_no_attack,False,,0.0,1,13,SGD,0.005,2.3470843639373777,0.1135,2.3470843639373777,0.1135,0.0,0.0,3.185119415866211,3.3555956929922104,0.6520930919796228,7.195856510894373,results/weights/fl_vs_sfl_noniid_poisoning_attack/labels_1_per_client/baseline_no_attack
baseline_no_attack,False,,0.0,1,14,SGD,0.005,2.337348069000244,0.1135,2.337348069000244,0.1135,0.0,0.0,2.96055866102688,3.2247430719435215,0.6774547940585762,6.865398585097864,results/weights/fl_vs_sfl_noniid_poisoning_attack/labels_1_per_client/baseline_no_attack
baseline_no_attack,False,,0.0,1,15,SGD,0.005,2.3317667446136476,0.1135,2.3317667446136476,0.1135,0.0,0.0,3.106543977977708,3.27694245101884,0.7006409098394215,7.087104210164398,results/weights/fl_vs_sfl_noniid_poisoning_attack/labels_1_per_client/baseline_no_attack
baseline_no_attack,False,,0.0,1,16,SGD,0.005,2.328162380218506,0.1135,2.328162380218506,0.1135,0.0,0.0,3.2199496820103377,3.434879215899855,0.6568166671786457,7.314275067998096,results/weights/fl_vs_sfl_noniid_poisoning_attack/labels_1_per_client/baseline_no_attack
baseline_no_attack,False,,0.0,1,17,SGD,0.005,2.326910581970215,0.1135,2.326910581970215,0.1135,0.0,0.0,3.096368693979457,3.379831111058593,0.6674456580076367,7.146687456872314,results/weights/fl_vs_sfl_noniid_poisoning_attack/labels_1_per_client/baseline_no_attack
baseline_no_attack,False,,0.0,1,18,SGD,0.005,2.3257502269744874,0.1135,2.3257502269744874,0.1135,0.0,0.0,3.2188587770797312,3.2697173790074885,0.655102128861472,7.146777207031846,results/weights/fl_vs_sfl_noniid_poisoning_attack/labels_1_per_client/baseline_no_attack
baseline_no_attack,False,,0.0,1,19,SGD,0.005,2.325258715057373,0.1135,2.325258715057373,0.1135,0.0,0.0,3.115075031062588,3.22718113521114,0.6689122328534722,7.0138204749673605,results/weights/fl_vs_sfl_noniid_poisoning_attack/labels_1_per_client/baseline_no_attack
baseline_no_attack,False,,0.0,1,20,SGD,0.005,2.323367575073242,0.1135,2.323367575073242,0.1135,0.0,0.0,3.2132111471146345,3.227460830938071,0.6523952959105372,7.095684045925736,results/weights/fl_vs_sfl_noniid_poisoning_attack/labels_1_per_client/baseline_no_attack
baseline_no_attack,False,,0.0,1,21,SGD,0.005,2.322826460647583,0.1135,2.322826460647583,0.1135,0.0,0.0,3.015824642032385,3.162309375125915,0.655081010889262,6.836178512079641,results/weights/fl_vs_sfl_noniid_poisoning_attack/labels_1_per_client/baseline_no_attack
baseline_no_attack,False,,0.0,1,22,SGD,0.005,2.320228157043457,0.1135,2.320228157043457,0.1135,0.0,0.0,3.262972922064364,3.370748917106539,0.6649682649876922,7.305469861021265,results/weights/fl_vs_sfl_noniid_poisoning_attack/labels_1_per_client/baseline_no_attack
baseline_no_attack,False,,0.0,1,23,SGD,0.005,2.31905612411499,0.1135,2.31905612411499,0.1135,0.0,0.0,3.339585651876405,3.2915199620183557,0.6551088350825012,7.288788996869698,results/weights/fl_vs_sfl_noniid_poisoning_attack/labels_1_per_client/baseline_no_attack
baseline_no_attack,False,,0.0,1,24,SGD,0.005,2.3180121040344237,0.1135,2.3180121040344237,0.1135,0.0,0.0,3.1191165279597044,3.2151189148426056,0.6758964729961008,7.012841379037127,results/weights/fl_vs_sfl_noniid_poisoning_attack/labels_1_per_client/baseline_no_attack
baseline_no_attack,False,,0.0,1,25,SGD,0.005,2.316262725067139,0.1135,2.316262725067139,0.1135,0.0,0.0,3.0768445001449436,3.2455323000904173,0.663993407972157,6.989398138830438,results/weights/fl_vs_sfl_noniid_poisoning_attack/labels_1_per_client/baseline_no_attack
baseline_no_attack,False,,0.0,1,26,SGD,0.005,2.3140117847442627,0.1135,2.3140117847442627,0.1135,0.0,0.0,3.1972638750448823,3.1574826119467616,0.6566702867858112,7.0140105180907995,results/weights/fl_vs_sfl_noniid_poisoning_attack/labels_1_per_client/baseline_no_attack
baseline_no_attack,False,,0.0,1,27,SGD,0.005,2.313628886795044,0.1135,2.313628886795044,0.1135,0.0,0.0,3.118520305957645,3.4562179939821362,0.6525917528197169,7.229907400906086,results/weights/fl_vs_sfl_noniid_poisoning_attack/labels_1_per_client/baseline_no_attack
baseline_no_attack,False,,0.0,1,28,SGD,0.005,2.310121760559082,0.1135,2.310121760559082,0.1135,0.0,0.0,3.236453140154481,3.2466902390588075,0.6605496709235013,7.146667845081538,results/weights/fl_vs_sfl_noniid_poisoning_attack/labels_1_per_client/baseline_no_attack
baseline_no_attack,False,,0.0,1,29,SGD,0.005,2.3103258792877197,0.1135,2.3103258792877197,0.1135,0.0,0.0,3.1072850208729506,3.5063095409423113,0.6553592788986862,7.313071887940168,results/weights/fl_vs_sfl_noniid_poisoning_attack/labels_1_per_client/baseline_no_attack
baseline_no_attack,False,,0.0,1,30,SGD,0.005,2.3095928310394287,0.1135,2.3095928310394287,0.1135,0.0,0.0,3.280161412898451,3.600792784942314,0.6571667140815407,7.582038644934073,results/weights/fl_vs_sfl_noniid_poisoning_attack/labels_1_per_client/baseline_no_attack
baseline_no_attack,False,,0.0,1,31,SGD,0.005,2.3078258922576906,0.1135,2.3078258922576906,0.1135,0.0,0.0,3.215886088088155,3.2613402400165796,0.6663796880748123,7.146249408135191,results/weights/fl_vs_sfl_noniid_poisoning_attack/labels_1_per_client/baseline_no_attack
baseline_no_attack,False,,0.0,1,32,SGD,0.005,2.3077657203674318,0.1135,2.3077657203674318,0.1135,0.0,0.0,3.1868505920283496,3.4438119779806584,0.7019346931483597,7.338952808175236,results/weights/fl_vs_sfl_noniid_poisoning_attack/labels_1_per_client/baseline_no_attack
baseline_no_attack,False,,0.0,1,33,SGD,0.005,2.3045407844543457,0.1135,2.3045407844543457,0.1135,0.0,0.0,3.3047897869255394,3.3496212591417134,0.6830342588946223,7.381803148891777,results/weights/fl_vs_sfl_noniid_poisoning_attack/labels_1_per_client/baseline_no_attack
baseline_no_attack,False,,0.0,1,34,SGD,0.005,2.3044564208984375,0.1135,2.3044564208984375,0.1135,0.0,0.0,3.105796732008457,3.41724562109448,0.6637271270155907,7.22962852101773,results/weights/fl_vs_sfl_noniid_poisoning_attack/labels_1_per_client/baseline_no_attack
baseline_no_attack,False,,0.0,1,35,SGD,0.005,2.3023057750701903,0.1135,2.3023057750701903,0.1135,0.0,0.0,3.1003454430028796,3.3787766608875245,0.6492822109721601,7.171152500901371,results/weights/fl_vs_sfl_noniid_poisoning_attack/labels_1_per_client/baseline_no_attack
baseline_no_attack,False,,0.0,1,36,SGD,0.005,2.3037863651275634,0.1135,2.3037863651275634,0.1135,0.0,0.0,2.9958424118813127,3.116965430090204,0.6489046812057495,6.764576620189473,results/weights/fl_vs_sfl_noniid_poisoning_attack/labels_1_per_client/baseline_no_attack
baseline_no_attack,False,,0.0,1,37,SGD,0.005,2.3025917121887205,0.1135,2.3025917121887205,0.1135,0.0,0.0,3.028429420897737,3.1971918428316712,0.6699303288478404,6.898242471041158,results/weights/fl_vs_sfl_noniid_poisoning_attack/labels_1_per_client/baseline_no_attack
baseline_no_attack,False,,0.0,1,38,SGD,0.005,2.29967576751709,0.1135,2.29967576751709,0.1135,0.0,0.0,3.250016807112843,3.3126024617813528,0.6516845040023327,7.220970042049885,results/weights/fl_vs_sfl_noniid_poisoning_attack/labels_1_per_client/baseline_no_attack
baseline_no_attack,False,,0.0,1,39,SGD,0.005,2.2990981227874756,0.1135,2.2990981227874756,0.1135,0.0,0.0,2.9224399221129715,3.2965424319263548,0.6594010968692601,6.880951463012025,results/weights/fl_vs_sfl_noniid_poisoning_attack/labels_1_per_client/baseline_no_attack
baseline_no_attack,False,,0.0,1,40,SGD,0.005,2.3003306533813475,0.1135,2.3003306533813475,0.1135,0.0,0.0,3.0267747300677,3.473589174915105,0.6762785748578608,7.179579519899562,results/weights/fl_vs_sfl_noniid_poisoning_attack/labels_1_per_client/baseline_no_attack
baseline_no_attack,False,,0.0,1,41,SGD,0.005,2.298557844161987,0.1135,2.298557844161987,0.1135,0.0,0.0,3.0608566268347204,3.227880763122812,0.656866705045104,6.948169046081603,results/weights/fl_vs_sfl_noniid_poisoning_attack/labels_1_per_client/baseline_no_attack
baseline_no_attack,False,,0.0,1,42,SGD,0.005,2.2984593338012695,0.1135,2.2984593338012695,0.1135,0.0,0.0,2.913166248006746,3.240242670988664,0.6567672370001674,6.812753771897405,results/weights/fl_vs_sfl_noniid_poisoning_attack/labels_1_per_client/baseline_no_attack
baseline_no_attack,False,,0.0,1,43,SGD,0.005,2.2985559501647947,0.1135,2.2985559501647947,0.1135,0.0,0.0,3.063653347082436,3.37694035214372,0.6542510678991675,7.097495498834178,results/weights/fl_vs_sfl_noniid_poisoning_attack/labels_1_per_client/baseline_no_attack
baseline_no_attack,False,,0.0,1,44,SGD,0.005,2.2986474227905274,0.1135,2.2986474227905274,0.1135,0.0,0.0,3.148988587083295,3.2532883039675653,0.6504184079822153,7.055359606863931,results/weights/fl_vs_sfl_noniid_poisoning_attack/labels_1_per_client/baseline_no_attack
baseline_no_attack,False,,0.0,1,45,SGD,0.005,2.2963548664093016,0.1334,2.2963548664093016,0.1334,0.0,0.0,3.0805632409173995,3.385867957957089,0.6684602710884064,7.138017558958381,results/weights/fl_vs_sfl_noniid_poisoning_attack/labels_1_per_client/baseline_no_attack
baseline_no_attack,False,,0.0,1,46,SGD,0.005,2.296704470062256,0.1135,2.296704470062256,0.1135,0.0,0.0,2.90955051779747,3.342571266926825,0.6554859979078174,6.913981639081612,results/weights/fl_vs_sfl_noniid_poisoning_attack/labels_1_per_client/baseline_no_attack
baseline_no_attack,False,,0.0,1,47,SGD,0.005,2.295018213272095,0.1238,2.295018213272095,0.1238,0.0,0.0,3.1904634970705956,3.3345635591540486,0.6591129349544644,7.189585042186081,results/weights/fl_vs_sfl_noniid_poisoning_attack/labels_1_per_client/baseline_no_attack
baseline_no_attack,False,,0.0,1,48,SGD,0.005,2.2961086666107176,0.1135,2.2961086666107176,0.1135,0.0,0.0,3.0752282708417624,3.0964432701002806,0.6723860560450703,6.846761879045516,results/weights/fl_vs_sfl_noniid_poisoning_attack/labels_1_per_client/baseline_no_attack
baseline_no_attack,False,,0.0,1,49,SGD,0.005,2.2970213905334473,0.1135,2.2970213905334473,0.1135,0.0,0.0,3.2064842809922993,3.366072995122522,0.6577471971977502,7.2378025411162525,results/weights/fl_vs_sfl_noniid_poisoning_attack/labels_1_per_client/baseline_no_attack
baseline_no_attack,False,,0.0,1,50,SGD,0.005,2.2952989917755127,0.1144,2.2952989917755127,0.1144,0.0,0.0,2.904197765979916,3.164689427940175,0.6628101321402937,6.734594549052417,results/weights/fl_vs_sfl_noniid_poisoning_attack/labels_1_per_client/baseline_no_attack
